year_month,revenue
2023-11,4649.509999999993
2023-10,5169.449999999992
2023-09,4699.469999999992
2023-08,5009.439999999991
2023-07,4879.449999999992
2023-06,5029.459999999992
2023-05,3039.6199999999985
